sasdate,PC1,PC2,cluster
1959-03-01,0.14525429482604404,1.0942713027877176,0
1959-04-01,0.07592918513454568,0.13049486348058573,0
1959-05-01,0.1339446488009671,0.23870843229025016,0
1959-06-01,0.17120395441352776,1.1712324586775065,0
1959-07-01,-0.04445543574869242,-0.1611125139614346,0
1959-08-01,-0.02649770005272136,0.34275751162416984,0
1959-09-01,0.2607891394025975,0.9066408670320935,0
1959-10-01,-0.150784541784166,0.14001192584652697,0
1959-11-01,-0.12589646110305613,0.07249766768304189,0
1959-12-01,0.16774242977462553,0.48247481456279667,0
1960-01-01,0.029742955530266853,0.40240391313833573,0
1960-02-01,0.1701676781816047,0.3291614544069419,0
1960-03-01,-0.25739674843273064,-0.025307794849177064,0
1960-04-01,0.10165837300195182,0.6212507705370175,0
1960-05-01,-0.4011423775298466,0.026716388089303086,0
1960-06-01,-0.30465011270502057,-0.43754177558339846,0
1960-07-01,-0.1738849338262454,0.5978834916593817,0
1960-08-01,0.07767472521422922,0.14995911810291465,0
1960-09-01,-0.06011638034040806,0.11891573086585695,0
1960-10-01,0.15056070515654127,0.8513368760756228,0
1960-11-01,-0.3715870583055089,0.3187303038493545,0
1960-12-01,-0.27171921277465116,-0.612611575660478,0
1961-01-01,-0.08799813888219801,-0.09162307018325613,0
1961-02-01,0.6961872172048456,4.190459229534661,0
1961-03-01,-0.6587947288834826,-3.1767740534254423,0
1961-04-01,-0.03177703149486107,0.08284835715044998,0
1961-05-01,0.4505851952446996,2.895146198711609,0
1961-06-01,-0.14527893398140793,-1.2751301776178536,0
1961-07-01,-0.15652890565640307,-0.7232811397844421,0
1961-08-01,1.2580906067332072,4.84354561844253,0
1961-09-01,-0.531710903270867,-2.3511660837965374,0
1961-10-01,0.1400487276068558,1.3670341946214097,0
1961-11-01,-0.36341748462632817,-0.03499240141457366,0
1961-12-01,-0.07983860445220085,-0.6335812366257777,0
1962-01-01,0.03667046172789919,0.5308787270961255,0
1962-02-01,0.5263428524749825,1.3491918444948379,0
1962-03-01,-0.037156637473928125,0.6057861704344883,0
1962-04-01,-0.24291942360156651,-0.6827300431606539,0
1962-05-01,-0.3576564236245939,-0.3834076102882565,0
1962-06-01,0.24334766321467963,1.699628809625962,0
1962-07-01,0.015740738342154944,-0.03446032445909474,0
1962-08-01,-0.19767975686006328,0.46920376333365327,0
1962-09-01,-0.06303890668093912,-0.03585388644792514,0
1962-10-01,-0.04672988407104817,0.3428801091092785,0
1962-11-01,0.2023121104824729,0.5325742228388647,0
1962-12-01,-0.08183425187865208,0.20762951006641459,0
1963-01-01,-0.02596024941663542,0.31558393441293314,0
1963-02-01,0.31787975068035584,0.7308362157401584,0
1963-03-01,-0.015538732612212197,0.21893283177279746,0
1963-04-01,0.040376473024994565,0.3080620760828207,0
1963-05-01,-0.39391904122421045,0.322363110296591,0
1963-06-01,0.03144696837908532,0.2637898796028047,0
1963-07-01,0.04630942927319613,0.4479257478725126,0
1963-08-01,0.368871001215123,1.100344003716053,0
1963-09-01,-0.03208516101417039,-0.2021069638799153,0
1963-10-01,0.04947815109612757,0.4234933004146281,0
1963-11-01,-0.13232808597158605,0.24390321536260665,0
1963-12-01,0.004005476691395524,0.25805617344219933,0
1964-01-01,0.08922675808775751,0.6551526024525821,0
1964-02-01,0.27257256854917417,0.39103731707600264,0
1964-03-01,0.06327175974786729,0.36791865723851136,0
1964-04-01,0.028035055761135682,0.48050863629431934,0
1964-05-01,-0.07932516268407953,0.2641882892496231,0
1964-06-01,-0.03422561123085093,0.27988060044738305,0
1964-07-01,-0.03840288527100008,0.24959817699061718,0
1964-08-01,0.1710224263943298,0.633260348263366,0
1964-09-01,-0.0007264262928064795,0.19189972981231546,0
1964-10-01,-0.04621805443382153,0.2949964334983897,0
1964-11-01,0.008071137661778683,0.5901399389845755,0
1964-12-01,0.0841589224173102,0.5712070319904959,0
1965-01-01,-0.03999657127839147,0.021081942235158985,0
1965-02-01,0.15994470750092796,0.4833387511933156,0
1965-03-01,0.001500485481794274,0.3368264749463134,0
1965-04-01,0.002497178225484671,0.29976598915092334,0
1965-05-01,0.22522576131187724,0.45201255272774077,0
1965-06-01,-0.010631081837318512,0.28550120357576764,0
1965-07-01,0.02432181682240385,0.4317820023440671,0
1965-08-01,-0.05936553537692798,0.31613701650420417,0
1965-09-01,0.031901033797477774,0.24767669573708298,0
1965-10-01,0.10944118239599242,0.5837438945327827,0
1965-11-01,0.0751792906404807,0.38967747034359196,0
1965-12-01,0.20702689423274312,0.7331017944031529,0
1966-01-01,-0.01846808837744317,0.20468594355959627,0
1966-02-01,0.04678757521270182,0.5330621277642134,0
1966-03-01,0.036564365309814585,0.26256655243074944,0
1966-04-01,-0.09568799276576039,0.17463042120380026,0
1966-05-01,-0.19447712344774928,0.41894298211498554,0
1966-06-01,0.059493073253128144,0.39430237526714434,0
1966-07-01,0.15749636519723667,0.4255267905193202,0
1966-08-01,-0.08682580488050715,0.44220206250599603,0
1966-09-01,-0.029754302066706918,0.03850403039762991,0
1966-10-01,-0.0881816117859617,0.39351403733697027,0
1966-11-01,-0.028607466140519334,0.4513185106707366,0
1966-12-01,-0.3347787940089272,-0.4280893832079633,0
1967-01-01,-0.24824977162908457,-0.026991660630261583,0
1967-02-01,0.4949943224502638,1.0775244179219223,0
1967-03-01,-0.1590824041169315,-0.23818535682778938,0
1967-04-01,0.027395836120621634,0.34335119598369207,0
1967-05-01,0.39712753920029575,1.053059006602365,0
1967-06-01,0.185541462666315,0.6739387942471289,0
1967-07-01,0.06900221152624826,0.21664985871343354,0
1967-08-01,0.3057978343607725,0.8615126959985232,0
1967-09-01,0.021084561983799464,0.3356648021047549,0
1967-10-01,0.08674968146363189,0.2848977756899673,0
1967-11-01,0.059471833171225355,0.8088976259223132,0
1967-12-01,0.011850443200069137,0.4070739758801393,0
1968-01-01,-0.19306424822371562,-0.08730743692479148,0
1968-02-01,0.29893051451237296,0.5250912741696238,0
1968-03-01,0.17379241868980835,0.709832685890661,0
1968-04-01,0.0039957516843552665,0.5218687946114665,0
1968-05-01,-0.1709046155682339,0.03944843365847337,0
1968-06-01,-0.12772641394722284,-0.0955600165830506,0
1968-07-01,-0.13466932115683483,0.15357670130082607,0
1968-08-01,-0.04079324160291496,0.29811994665752467,0
1968-09-01,-0.0010257188428105398,0.1893797097902436,0
1968-10-01,0.17151392727018752,0.7217424566010928,0
1968-11-01,0.043308273649339535,0.24408993669231221,0
1968-12-01,0.2776561383268407,0.8252946706719465,0
1969-01-01,0.022426703814422664,0.40046876058525716,0
1969-02-01,0.5020937087959868,0.7131475043771212,0
1969-03-01,0.23949019522163378,0.39511566945608434,0
1969-04-01,0.0753884646775786,0.5359061932516554,0
1969-05-01,-0.22071581639551022,0.5021901615879327,0
1969-06-01,0.06155362762426741,-0.05088345875972527,0
1969-07-01,0.04208331849543431,0.18990551185636467,0
1969-08-01,-0.2214755471904916,0.5531525403104347,0
1969-09-01,0.2160464651846586,0.36370016134766797,0
1969-10-01,-0.021360451088000828,0.23909584335706083,0
1969-11-01,-0.3767780719919854,0.11290707987229302,0
1969-12-01,0.30571197190712246,0.8072129718731702,0
1970-01-01,0.05728120621907742,0.3757293730797162,0
1970-02-01,-0.38259859682315517,-0.08108292574032604,0
1970-03-01,-0.20158511947881144,-0.4222238058046411,0
1970-04-01,0.3180593385792563,1.391338369788257,0
1970-05-01,0.031746277364244645,0.30915005925289163,0
1970-06-01,-0.060581066530462246,0.1887020185248553,0
1970-07-01,-0.24167786368747224,0.03984466737299874,0
1970-08-01,0.13358633777524587,0.33280810307053843,0
1970-09-01,-0.03819080271474712,0.39490849046936477,0
1970-10-01,-0.02837883518302217,0.46950721745012886,0
1970-11-01,-0.6735087568607561,-0.5738086898876608,0
1970-12-01,-0.019823871518549686,-0.06506670778631815,0
1971-01-01,-0.10256858927196348,0.06232392543940091,0
1971-02-01,0.3012803330250686,0.7237006720509348,0
1971-03-01,-0.1905741883817226,0.4580796521794769,0
1971-04-01,0.20742709711660856,0.9540518850954082,0
1971-05-01,0.4945889708724538,0.8229476116763335,0
1971-06-01,0.049600360978098015,0.21815231351119038,0
1971-07-01,0.14302367246759834,0.5747769630845011,0
1971-08-01,-0.0013505131792128674,0.16325748278523103,0
1971-09-01,-0.28939816569516624,-0.2367820442220538,0
1971-10-01,-0.18620068519382862,-0.10579650107954057,0
1971-11-01,-0.07151688278859657,0.26252778558378626,0
1971-12-01,0.01942538648534351,-0.07756947780447318,0
1972-01-01,0.04163880679285938,0.36357651649864553,0
1972-02-01,0.8304573173741653,1.293925654272343,0
1972-03-01,0.19325937905690216,1.2421449289213862,0
1972-04-01,0.043938471008468545,0.13855464288269215,0
1972-05-01,-0.310582766607899,-0.1541011152259689,0
1972-06-01,0.024915229438360064,0.3945834100563805,0
1972-07-01,-0.024002597844900796,0.22804514359267708,0
1972-08-01,0.5247750992849,0.8009145222178434,0
1972-09-01,0.19732334402798132,0.39096588514844755,0
1972-10-01,0.012234582834213546,0.3695880735101734,0
1972-11-01,-0.38180941778133604,-0.16010575187537265,0
1972-12-01,0.1274446449397019,0.5969460092840347,0
1973-01-01,0.1460483325951384,0.6375650677756234,0
1973-02-01,-0.3796990437892678,0.08706355637067549,0
1973-03-01,0.05011515830746923,0.24389896411241355,0
1973-04-01,-0.07124341343539377,-0.017752891375531134,0
1973-05-01,-0.10190703215503741,0.6713251456501346,0
1973-06-01,0.039946317955435726,0.27835083647517134,0
1973-07-01,0.22484754049158254,1.0284080416743018,0
1973-08-01,0.3286906421035677,-0.33275954591380763,0
1973-09-01,-0.13677600740663884,0.18394224133970702,0
1973-10-01,-0.20763187787722415,-0.3448909649802723,0
1973-11-01,0.3099249254029654,0.7814813417380349,0
1973-12-01,-0.017114758425948236,0.2894440149292313,0
1974-01-01,2.7764836090518563,1.377768381702398,0
1974-02-01,-0.8978024867314566,-0.45191661573991254,0
1974-03-01,0.26345940622557484,0.9860707883521056,0
1974-04-01,0.2336786727711632,0.8494270559553933,0
1974-05-01,0.639996923337,0.5556813806354679,0
1974-06-01,-0.022622469380997018,0.20199650311159995,0
1974-07-01,0.16116066274032662,0.6103351172026775,0
1974-08-01,-0.43000540729727127,-0.5135579509373347,0
1974-09-01,-0.0015711678441083239,0.3914934656026418,0
1974-10-01,0.18949348932835003,0.07128159237237934,0
1974-11-01,-0.37286985556630714,0.25260205537567737,0
1974-12-01,-0.22080526522303978,0.0018982065146668364,0
1975-01-01,-0.0048313998618122606,0.020852826017417937,0
1975-02-01,-0.134246694868509,0.37709786491384384,0
1975-03-01,0.16095958658023624,0.6074012206160445,0
1975-04-01,0.3358493257991602,1.107351240854964,0
1975-05-01,0.8378798200261075,0.5948270998712063,0
1975-06-01,-0.008455861515086635,0.6840949872542073,0
1975-07-01,0.17001472789769925,0.5681809614875056,0
1975-08-01,0.2937981521982025,0.22989919819463758,0
1975-09-01,0.0357928176618319,0.36832589793149173,0
1975-10-01,-0.16675900152325085,-0.24894941538676973,0
1975-11-01,-0.0554558761199584,0.07323030533653332,0
1975-12-01,0.09789157908390611,0.7324344680720137,0
1976-01-01,-0.10740984545759912,-0.1447143329417937,0
1976-02-01,0.8459725281785646,0.9600823761464535,0
1976-03-01,0.03624913467471052,0.42880498890086377,0
1976-04-01,-0.05158770710116281,0.11630965459229327,0
1976-05-01,0.1737179285640211,0.9005687805286763,0
1976-06-01,-0.0365286376478008,0.02042914403000718,0
1976-07-01,-0.0387961116693695,-0.015372643366730266,0
1976-08-01,0.38050394731176657,0.6304878656059644,0
1976-09-01,0.33539625034621945,0.3211415074286493,0
1976-10-01,-0.11133267905604907,0.0217185367653481,0
1976-11-01,-0.17196575627003793,0.2491411946091538,0
1976-12-01,-0.22196659347263045,-0.21426986793606415,0
1977-01-01,0.2509414410423319,0.767985592182506,0
1977-02-01,0.17866846426345012,0.5115030690400703,0
1977-03-01,0.07049806431488284,0.27549596423593053,0
1977-04-01,0.0032934232113935335,0.254539006834118,0
1977-05-01,0.3463917752735464,0.9733104549297267,0
1977-06-01,-0.14673808000892233,-0.34374117305067575,0
1977-07-01,0.07043588080833525,0.3087621284237495,0
1977-08-01,0.2513156724433831,0.7183353959172767,0
1977-09-01,-0.029916643830764218,0.047275058809117615,0
1977-10-01,0.14787643161842629,0.4571603807962519,0
1977-11-01,-0.2301248731824625,-0.05955355779148763,0
1977-12-01,0.0864319844613716,0.36281385444677783,0
1978-01-01,0.10427442513467426,0.4937263897994177,0
1978-02-01,0.11718020035849333,0.30298035839714066,0
1978-03-01,-0.25554186169103954,0.022567949823296785,0
1978-04-01,0.32968275284009174,0.4906608694988779,0
1978-05-01,0.27306555263839255,0.6645165234215179,0
1978-06-01,-0.08003165725718461,0.07449860149484187,0
1978-07-01,0.24733395899058183,0.45350365892773553,0
1978-08-01,-0.28564487195945354,-0.0031640608327713673,0
1978-09-01,0.17263383705143956,0.45129064219168125,0
1978-10-01,0.10161546633628282,0.3941527840424555,0
1978-11-01,-0.10589508054593254,0.3248384321073776,0
1978-12-01,-0.43379822581098193,-0.21254186917375847,0
1979-01-01,0.40390561483534204,0.4497395042201691,0
1979-02-01,0.3501555767136102,0.3935719249722217,0
1979-03-01,-0.2333579608678895,0.07999775184139035,0
1979-04-01,-0.10639333984109925,0.1706234982499789,0
1979-05-01,0.6481637679205103,0.6703276391378513,0
1979-06-01,-0.07637808152448759,-0.021586985549153323,0
1979-07-01,0.1379594394931562,0.29367293383784343,0
1979-08-01,0.9872662584915688,0.8031397539729505,0
1979-09-01,0.5228687010942129,0.5952392818078407,0
1979-10-01,0.30945832758114705,1.2261273358990312,0
1979-11-01,0.27654853018284387,-0.46393434786132404,0
1979-12-01,0.027817528768227417,0.4998791656464179,0
1980-01-01,0.5561610572238882,0.4847123826127728,0
1980-02-01,0.9999856695742718,1.16790151953596,0
1980-03-01,-0.28154551948109635,0.8077994112354062,0
1980-04-01,-0.6684490581670834,-1.0917863573040212,0
1980-05-01,-0.9232033485073132,-2.530103329753375,0
1980-06-01,0.5411172664174035,1.7682276200579101,0
1980-07-01,0.49579084798534606,1.0813570421362537,0
1980-08-01,0.6392284059750057,1.2711845868190867,0
1980-09-01,0.4461356187146556,0.88445213060461,0
1980-10-01,0.27586064849670877,0.5765406269559507,0
1980-11-01,0.5135429869831254,0.8960309743213286,0
1980-12-01,-0.5779362899101909,-0.27456123473358973,0
1981-01-01,0.3385979653782168,-0.29192384552528244,0
1981-02-01,-0.18159547560564993,-0.5163366545121156,0
1981-03-01,0.07787206027950054,0.6555446144183359,0
1981-04-01,0.6461447152301205,1.339783372883916,0
1981-05-01,0.43289038299482036,0.9874613677690804,0
1981-06-01,-0.5878043442862194,-0.7430672325553834,0
1981-07-01,0.31363575336981747,0.42158715830839855,0
1981-08-01,0.35820159810668917,0.31153844974140316,0
1981-09-01,-0.18340909813695594,0.013162941121766868,0
1981-10-01,-0.2615135853284376,0.3619547197347714,0
1981-11-01,-0.9267377990619173,-0.9231060803887755,0
1981-12-01,0.15328200126623684,0.6469810848904181,0
1982-01-01,0.6062419736773136,1.4064080864202666,0
1982-02-01,-0.4499183074744636,0.14643094529284265,0
1982-03-01,-0.8681105558775943,-0.7336350229845825,0
1982-04-01,0.7274797238459578,0.6892778220611369,0
1982-05-01,0.26938655243553467,0.08992718353479988,0
1982-06-01,0.00901234381718976,0.45324152828663405,0
1982-07-01,-0.25767693585610385,-0.32920868716872,0
1982-08-01,-0.3755421263693764,-0.5123562397025322,0
1982-09-01,0.36566173785021694,1.2237430477227813,0
1982-10-01,-0.2794614515218472,-0.5393503968067556,0
1982-11-01,-0.32344269580200496,0.01652063865616028,0
1982-12-01,-0.23368759454456464,0.27926279451836755,0
1983-01-01,-0.15268809276396203,0.1150342526902254,0
1983-02-01,0.1313136024856297,0.4869612680612167,0
1983-03-01,0.37723566442800044,0.5833486433371333,0
1983-04-01,0.673172610038402,0.4393974399281569,0
1983-05-01,0.23262580835622426,0.2473185751205647,0
1983-06-01,0.3336510532832737,0.6948829095621669,0
1983-07-01,0.3481180665665684,0.5155624598573901,0
1983-08-01,0.010491528522800593,0.2908643574289826,0
1983-09-01,-0.09788802342789009,-0.08989467153835169,0
1983-10-01,-0.07168953114456518,0.1927561893897744,0
1983-11-01,0.139211029262539,0.2541771294762911,0
1983-12-01,0.23679366140961128,0.5037010222576802,0
1984-01-01,0.4380648345221079,0.36285083687162745,0
1984-02-01,-0.02467489736956326,0.18300941883734778,0
1984-03-01,0.4761986310295148,0.7122204900494264,0
1984-04-01,-0.12809353014356906,0.16331160213732168,0
1984-05-01,0.359736136315005,0.4323266063567081,0
1984-06-01,-0.05963670881516432,0.4455676032859969,0
1984-07-01,-0.1578283986048979,-0.08824185666444016,0
1984-08-01,0.06376053662036187,0.18280623564818926,0
1984-09-01,0.059597037278551604,-0.08180033224587886,0
1984-10-01,-0.47829496806644917,-0.533131134596209,0
1984-11-01,-0.18512541860942394,0.20740584273397525,0
1984-12-01,-0.5384835074081453,-0.29173699514651363,0
1985-01-01,0.31040372664014926,0.7898634038727737,0
1985-02-01,0.18374793955550905,0.3340929361829329,0
1985-03-01,0.2707713436215852,0.3552380524415573,0
1985-04-01,-0.02158418377726137,-0.11561199833541666,0
1985-05-01,-0.45535851760376,-0.20058293355210738,0
1985-06-01,-0.03470481729443204,-0.03513384732601037,0
1985-07-01,0.043576700855062746,0.6440867612043354,0
1985-08-01,-0.031884693403956374,-0.013903438455419683,0
1985-09-01,0.1249865011934985,0.23062244458992054,0
1985-10-01,-0.1545409651674379,0.09474342349813004,0
1985-11-01,0.15741806232767908,0.10830738716106515,0
1985-12-01,-0.33275706514452313,-0.017588255960964732,0
1986-01-01,-0.44450669120446995,-0.15845270513348783,0
1986-02-01,-1.4296871785677927,-0.5860714396872617,0
1986-03-01,-1.1316320683299383,-0.6545651664079426,0
1986-04-01,-0.12627111952041437,-0.11869844327816619,0
1986-05-01,0.7891808319659117,0.8299337799578719,0
1986-06-01,-0.060582459864855484,0.40142050306068877,0
1986-07-01,-0.8491267358887841,-0.6373711087971003,0
1986-08-01,0.6139779581750795,0.2731717497150285,0
1986-09-01,0.09636968529260108,0.290430596973457,0
1986-10-01,0.16086886138054182,0.5144957927961482,0
1986-11-01,-0.2159245555931092,0.11116013872426202,0
1986-12-01,0.1651799320695718,0.5001779809487711,0
1987-01-01,0.2864154968693546,-0.5045183801202751,0
1987-02-01,0.10198649987416036,0.2842174273365401,0
1987-03-01,0.24931707332834133,0.4879877387931023,0
1987-04-01,0.6609730156307871,0.9135594952061606,0
1987-05-01,0.364178292477733,0.66479790601251,0
1987-06-01,0.03458450744499804,-0.2977346360293524,0
1987-07-01,0.41485079363597355,0.33848685874230927,0
1987-08-01,0.16888576213030976,0.4993665566393925,0
1987-09-01,0.15127442385976778,0.6871512464000846,0
1987-10-01,-0.23610471628826815,-0.15127976101000712,0
1987-11-01,-0.8969979352267161,-0.8526762617049677,0
1987-12-01,0.11892081545618084,0.7149426263756876,0
1988-01-01,0.12338526110029062,0.1320552375231468,0
1988-02-01,-0.20593655983551254,-0.297031633438334,0
1988-03-01,0.2670804377149521,0.49653878552810704,0
1988-04-01,0.32696389188044134,0.5478692285539339,0
1988-05-01,0.3328169358564948,0.4352660842828427,0
1988-06-01,-0.13986317545135157,0.1128137074895408,0
1988-07-01,-0.19179635550955962,0.00813422527142934,0
1988-08-01,0.3641884873832577,0.4417844690189216,0
1988-09-01,-0.30671126410331107,-0.11487650918375242,0
1988-10-01,-0.32133744930286784,-0.16046253951545775,0
1988-11-01,0.09161531615671357,0.19722592521516427,0
1988-12-01,0.5656270592752463,0.560944962349797,0
1989-01-01,0.7229702343216461,0.45684685562186994,0
1989-02-01,-0.12932114356624846,0.04494201970178024,0
1989-03-01,0.35456089417670356,0.4343811230450743,0
1989-04-01,0.06817933760836356,-0.19359073879155683,0
1989-05-01,-0.2704465864376424,-0.11222013443834389,0
1989-06-01,-0.25614053155047856,-0.284051370652407,0
1989-07-01,-0.054225070272808575,0.03117635092304186,0
1989-08-01,-0.20456643588998494,0.06655916854309209,0
1989-09-01,0.6353178672657371,0.6490314949879739,0
1989-10-01,-0.1354938999009104,-0.08575633059829939,0
1989-11-01,-0.24915880585378716,-0.11428010307553108,0
1989-12-01,0.21488515541175715,0.2891858064683176,0
1990-01-01,0.6754100524244369,0.466540785172398,0
1990-02-01,-0.13017076089245075,0.280497406784767,0
1990-03-01,-0.01341945975727845,0.20644324797551356,0
1990-04-01,-0.05062645528830765,0.2369174980284615,0
1990-05-01,-0.23283049685239038,-0.041712493325957535,0
1990-06-01,-0.4114331275916613,-0.09192262740155052,0
1990-07-01,0.3033594720749926,0.12870704912056471,0
1990-08-01,0.5915976448242821,0.38405716452875865,0
1990-09-01,0.5319030000374573,0.40043982750715645,0
1990-10-01,-0.4005029276429147,-0.2852834867285087,0
1990-11-01,-0.36613014772590585,-0.18841877318334216,0
1990-12-01,-0.6931283045482745,-0.3682488009754098,0
1991-01-01,-0.23715816264006553,0.16717178633398022,0
1991-02-01,-0.45342896218770934,-0.2995551331390215,0
1991-03-01,1.1395297311210975,1.280995895580342,0
1991-04-01,-0.2110350883338826,-0.12287460872800679,0
1991-05-01,-0.10746880991793015,0.11910019854540488,0
1991-06-01,0.23740464308531603,0.5479249602947815,0
1991-07-01,0.21750915318097863,0.09528493955232892,0
1991-08-01,-0.18660051119250523,-0.15580059804259086,0
1991-09-01,-0.032588309841860764,-5.007326248389364e-05,0
1991-10-01,-0.16297106871947525,-0.05728001539428558,0
1991-11-01,-0.6993211986926348,-0.4654931109827252,0
1991-12-01,-0.6449670176403278,-0.279377305541187,0
1992-01-01,-0.08820967132733862,-0.04216556937293763,0
1992-02-01,0.36407300584835534,0.874261602928468,0
1992-03-01,0.5086774947313947,0.4302524517985369,0
1992-04-01,0.2600263032338024,0.029478306751145534,0
1992-05-01,0.2916857109925453,0.5877775695623966,0
1992-06-01,0.19696867968121942,0.011970065595679962,0
1992-07-01,-0.5860742956670854,-0.9022799408652136,0
1992-08-01,-0.08683162494047987,0.6362842943904945,0
1992-09-01,-0.035610908592931395,-0.1499768416763325,0
1992-10-01,-0.014361708145627473,0.10628153900372202,0
1992-11-01,0.7570738707586107,0.8715503470236384,0
1992-12-01,0.16917790204237865,-0.014935508544036663,0
1993-01-01,-0.11066337691600565,0.3226578890945516,0
1993-02-01,-0.20508831113249612,-0.2935341279518226,0
1993-03-01,-0.16638221356817,-0.03700155123864402,0
1993-04-01,0.029372615183076583,-0.11488839758013542,0
1993-05-01,-0.22034829042167683,0.19140433405596827,0
1993-06-01,-0.09210536156497258,0.07342313182326547,0
1993-07-01,-0.49417345969513937,-0.2675092926683177,0
1993-08-01,-0.031231126072831662,-0.02006337297353265,0
1993-09-01,-0.19622764271325757,-0.026792759631156644,0
1993-10-01,0.40215229985833995,0.09188287659642659,0
1993-11-01,0.04422534502065124,0.5085873206069856,0
1993-12-01,0.06176437884788791,0.1424322955717147,0
1994-01-01,0.5032700766664963,0.6182157457703251,0
1994-02-01,0.15342409118872546,0.3983599861116071,0
1994-03-01,0.2727655664544923,0.28776723609859084,0
1994-04-01,0.7260277270985374,0.8387401382481072,0
1994-05-01,0.4780205871241278,0.6334221444076494,0
1994-06-01,0.09687286401333282,-0.18435924208533053,0
1994-07-01,0.07857244744730416,-0.026196090721530178,0
1994-08-01,0.07399194792622094,0.2990762351430591,0
1994-09-01,0.03287334734238308,0.24246940191502286,0
1994-10-01,0.2628750066345754,0.15999717473971395,0
1994-11-01,0.24597472779401322,0.6902164787008606,0
1994-12-01,-0.05538484200410013,-0.21527031906480187,0
1995-01-01,0.3444811426663408,0.18705239088546308,0
1995-02-01,-0.15917746958575163,0.11528712950575759,0
1995-03-01,-0.3868137024970003,-0.49258118018267766,0
1995-04-01,0.33229200300625333,0.1982395798711098,0
1995-05-01,-0.3571716300043003,-0.3747073222181606,0
1995-06-01,-0.22416822144525353,-0.1826885919797699,0
1995-07-01,-0.008649919639844844,0.10336811985042133,0
1995-08-01,0.441537753286704,0.42633533649064015,0
1995-09-01,-0.488082193942817,-0.23877556889858367,0
1995-10-01,-0.1497210826111459,-0.0742302599563126,0
1995-11-01,0.008497865310256113,0.04560449964842901,0
1995-12-01,0.22325430709954056,-0.07954967225056968,0
1996-01-01,-0.11562852319627569,0.12474437074111948,0
1996-02-01,0.21251860047568005,-0.046294998172872394,0
1996-03-01,1.0758386353431202,1.1725048142185213,0
1996-04-01,0.43447616070516176,0.22277102014029262,0
1996-05-01,-0.26055335441747285,0.1187964311165703,0
1996-06-01,0.18434967352505335,0.32176617627586873,0
1996-07-01,0.26982413742575867,0.32570782820069244,0
1996-08-01,0.005417584321189191,-0.2540308304124934,0
1996-09-01,0.4883673058751536,0.5332368748704938,0
1996-10-01,0.15037658099794082,-0.1368498379733231,0
1996-11-01,-0.07661349500447891,-0.0078770753944207,0
1996-12-01,0.18322511166434696,0.1029831552515318,0
1997-01-01,0.28821385311315517,0.2921740357283493,0
1997-02-01,-0.22675108269735114,-0.11160115015170573,0
1997-03-01,0.09651171883746616,0.47723634451263136,0
1997-04-01,-0.0743579406640081,0.20341158829610062,0
1997-05-01,0.29926250552749445,-0.03776310927921696,0
1997-06-01,-0.14676015446863996,-0.08475384545553635,0
1997-07-01,0.2121386406826174,-0.0976507828441538,0
1997-08-01,-0.027660235098259916,0.13566568151957645,0
1997-09-01,0.11159499682143355,0.05258260123686267,0
1997-10-01,0.14009181945042556,-0.014024215656455197,0
1997-11-01,-0.15298410957409941,0.04143493458246598,0
1997-12-01,-0.5489198597177591,-0.31504366130014716,0
1998-01-01,-0.14736813628694603,-0.0036211239435645346,0
1998-02-01,0.2375550766132949,0.09568683426539157,0
1998-03-01,-0.24248110096347952,-0.07338867445064265,0
1998-04-01,0.36209079534249006,0.1459892654090199,0
1998-05-01,-0.17348797074052402,0.03397981619489,0
1998-06-01,-0.346625024192267,-0.1523886504207704,0
1998-07-01,0.12067663552563189,-0.025858339017556017,0
1998-08-01,-0.4277926719079249,-0.0158265621002736,0
1998-09-01,-0.31523735006261167,-0.42493175666340227,0
1998-10-01,-0.5009445759955917,-0.7432634724207099,0
1998-11-01,0.5103658815362702,0.5241552826332447,0
1998-12-01,-0.49780564069641875,-0.31251871645105816,0
1999-01-01,0.721447012635638,0.44501285072626906,0
1999-02-01,0.4801463369299642,0.6314627424225352,0
1999-03-01,0.743572734966008,0.3323490555594308,0
1999-04-01,0.5975050552621608,0.004154113840554091,0
1999-05-01,0.5350630520698434,0.5726650658925798,0
1999-06-01,0.3371830490811126,0.43076623182575424,0
1999-07-01,0.43269643064483226,0.18940313588976757,0
1999-08-01,0.14795278472208323,0.09585872372086666,0
1999-09-01,0.5677151030719573,0.3429866854922754,0
1999-10-01,-0.2845948444771709,-0.13010102681451868,0
1999-11-01,0.7809350281226229,0.38081568446639974,0
1999-12-01,0.33980375739180774,-0.09311101768324122,0
2000-01-01,0.8041277550677186,0.8711698989480776,0
2000-02-01,0.17345530752298696,0.1257478020960788,0
2000-03-01,-0.14417766278788594,-0.48005671994207616,0
2000-04-01,-0.522820879109955,-0.20839730278764404,0
2000-05-01,0.723841528468729,0.6711320147300921,0
2000-06-01,-0.009754002968249749,-0.30151729065288424,0
2000-07-01,-0.12819840503802463,-0.16786546591330895,0
2000-08-01,-0.013504961947338322,-0.14888993287218846,0
2000-09-01,0.28897972792047005,0.13176253120119477,0
2000-10-01,-0.2968337163037152,-0.02278821147144491,0
2000-11-01,0.2062777669433991,0.1655692306316808,0
2000-12-01,-1.544905472318202,-0.986951773416739,0
2001-01-01,-0.07123601201198851,-0.3816408109767828,0
2001-02-01,-0.3243264331080094,-0.22539307491290925,0
2001-03-01,-0.5774239541748102,0.11110957784475255,0
2001-04-01,0.06525225891931301,-0.14542790591971705,0
2001-05-01,0.7235364907298445,0.24282351921106995,0
2001-06-01,-0.1616597169907138,0.2623609721068787,0
2001-07-01,-0.25905175593206675,0.01294703650091646,0
2001-08-01,-0.13624499518119018,-0.11393437526825505,0
2001-09-01,-1.398720110714664,-1.1466638965507423,0
2001-10-01,-0.2304250112722622,-0.5286737915156039,0
2001-11-01,-0.2627122632616771,0.16522701792860728,0
2001-12-01,0.5919693311521946,0.794508192780389,0
2002-01-01,0.35285019199810225,0.5352929093892281,0
2002-02-01,-0.059778655635939454,0.13526737623389143,0
2002-03-01,1.1939485234693603,0.6498501974471781,0
2002-04-01,0.035892291529212146,0.0190546913042975,0
2002-05-01,0.19909790681770995,0.12728661357194465,0
2002-06-01,-0.6960873432341649,-0.4032155348800019,0
2002-07-01,-0.4453706324746481,-0.3581600739777535,0
2002-08-01,-0.12830303469730858,-0.32218381257992124,0
2002-09-01,-0.4736684748386381,-0.4153327646435143,0
2002-10-01,-0.2989197052012468,-0.18423050416043568,0
2002-11-01,-0.04117008057907707,-1.0667574212111601,0
2002-12-01,0.6740056090976878,1.0293950503746097,0
2003-01-01,0.2541693824419743,0.30733403365463463,0
2003-02-01,-0.15024798749905224,-0.06868161976409624,0
2003-03-01,-0.36821679372004745,-0.41288646827801523,0
2003-04-01,0.2128316828777902,0.34263938403156413,0
2003-05-01,0.027118709184312487,-0.35846439956486637,0
2003-06-01,0.006545331662769789,-0.5452417746876863,0
2003-07-01,0.7529747599562049,0.17583082591125995,0
2003-08-01,0.6915017920546576,1.3821734191690684,0
2003-09-01,-0.5397742210694662,-0.6177734960688601,0
2003-10-01,0.40708083214595064,0.2265993300362114,0
2003-11-01,0.3839926783332264,0.11325378789911433,0
2003-12-01,0.121517540241297,-0.14431380981215025,0
2004-01-01,0.9505789354282012,0.45311986534338966,0
2004-02-01,-0.5028348955234279,-0.5183041865239425,0
2004-03-01,0.09963960027497731,-0.32469598995722365,0
2004-04-01,0.44793326238858683,0.5558699333006837,0
2004-05-01,0.4511971318180567,0.3043662391647098,0
2004-06-01,0.24737176061567948,0.21245423062509242,0
2004-07-01,0.23276905681359752,0.6068056936507783,0
2004-08-01,-0.011108457796468596,-0.5160969842022803,0
2004-09-01,0.02376298562094361,-0.34824267208201015,0
2004-10-01,0.3432410315093488,-0.16413995018609123,0
2004-11-01,0.05529701301069674,-0.05580602538656802,0
2004-12-01,0.1140782854742175,0.0811447579639042,0
2005-01-01,0.028549947786369552,-0.2611650125203991,0
2005-02-01,0.13831757934404623,-0.012001461623617045,0
2005-03-01,0.6241051013393375,0.211229144195058,0
2005-04-01,-0.4390941651792108,-0.4075252312269615,0
2005-05-01,-0.3950414522894411,-0.32694529258683735,0
2005-06-01,0.9742099869277668,-0.05894511944326338,0
2005-07-01,0.5443989860464075,0.4233319370708677,0
2005-08-01,-0.029625105109863235,-0.13440482007688512,0
2005-09-01,-0.6360334077090212,-0.7970850558272242,0
2005-10-01,-0.08695896968041744,0.13055132834248515,0
2005-11-01,0.45033928090861414,0.247873414662735,0
2005-12-01,0.6480869201038506,0.15917337769397577,0
2006-01-01,0.5032004552067868,-0.13445769442538702,0
2006-02-01,-0.3087914319178759,-0.07999294776351916,0
2006-03-01,0.4100222584314796,0.05981280519581418,0
2006-04-01,0.5785334391837378,0.3163348454367998,0
2006-05-01,-0.3458171925463461,-0.30042207336462173,0
2006-06-01,0.3383206568606655,0.06503580750778408,0
2006-07-01,0.2563752727186483,0.08883045079010549,0
2006-08-01,-0.2843389875379502,-0.6601058894762868,0
2006-09-01,-0.33077471041846046,-0.2792449882169452,0
2006-10-01,0.31111327546518036,0.12371858934596917,0
2006-11-01,-0.07053469286817116,-0.29974108791009946,0
2006-12-01,0.2703352324566825,-0.16627229050361686,0
2007-01-01,0.14415729809052577,0.1662845035878008,0
2007-02-01,-0.004488921429481284,-0.2855797383236469,0
2007-03-01,-0.1870508212942582,-0.36154543438782594,0
2007-04-01,0.34049561064940165,-0.011028820871642244,0
2007-05-01,0.32267167484375997,-0.06757292291989106,0
2007-06-01,0.30099038456430016,0.1969373328646762,0
2007-07-01,0.5864943110785903,0.09376157494093668,0
2007-08-01,-0.864988548623137,-0.9059106987870728,0
2007-09-01,0.36161734543286966,-0.07598080235853685,0
2007-10-01,0.24062233387151438,-0.25634307052167865,0
2007-11-01,-0.3518311473973304,-0.6924311233915073,0
2007-12-01,-0.16386138766661248,-0.2382220025506049,0
2008-01-01,-0.28432077749148166,-0.4472304071003192,0
2008-02-01,-0.590099385491153,-1.2673663099801287,0
2008-03-01,0.09392294130322243,0.29322267141132774,0
2008-04-01,0.09351304061263481,-0.1443034167790778,0
2008-05-01,0.5453442582139596,0.060857440665080684,0
2008-06-01,0.33814975500629896,0.7573768310864826,0
2008-07-01,0.07623974224352807,-0.04060492071866826,0
2008-08-01,-0.45070332986313577,-0.41115299967801844,0
2008-09-01,-0.416169591632181,-0.5931083432244694,0
2008-10-01,-2.704114551991046,-2.852939003714018,0
2008-11-01,-2.102813481596567,-2.0063137046939774,0
2008-12-01,-2.4695586335425825,-2.0301767286358157,0
2009-01-01,0.9800250487575182,3.732859121655276,0
2009-02-01,0.25396940053702033,2.2297851521631054,0
2009-03-01,-0.06671985483892608,-2.477997621813973,0
2009-04-01,0.9192000609323722,0.36482310759445785,0
2009-05-01,1.6472457992287142,2.2765167178307424,0
2009-06-01,1.283078576018731,0.5014238406490273,0
2009-07-01,-1.011193927573605,-2.5559454315320176,0
2009-08-01,0.816272300708892,1.0788676176022927,0
2009-09-01,0.07392402275071809,-0.45535011585731,0
2009-10-01,0.09957421977179597,-0.9437884983105818,0
2009-11-01,0.22414799707381378,0.6868678462800946,0
2009-12-01,0.44341341465304185,0.19618475713154523,0
2010-01-01,0.41737437308673814,-0.26318236627323427,0
2010-02-01,-0.0027516047791367464,0.8557745385005178,0
2010-03-01,0.5385666229725584,0.033946553652920056,0
2010-04-01,0.3535994726163527,-0.027359541955569576,0
2010-05-01,-1.0946310807182025,-1.795982932766994,0
2010-06-01,-0.20930052985004421,-0.8262257438477306,0
2010-07-01,-0.5572543788958613,-0.32703868231240074,0
2010-08-01,-0.22861978865626417,-0.453614647734129,0
2010-09-01,-0.07185172428184199,-0.6199877227319711,0
2010-10-01,0.2918394716682878,-0.40335175089189845,0
2010-11-01,0.8070264085660183,0.33174490909469767,0
2010-12-01,1.1913966482014846,0.5223573207697882,0
2011-01-01,0.2825932095246215,-0.13592042604234067,0
2011-02-01,0.6081143911544784,0.10513832720067617,0
2011-03-01,-0.3023588263528116,-1.0163669342063641,0
2011-04-01,0.41478532909824534,-0.9344133828904505,0
2011-05-01,-0.08236122290483258,0.42675112196875836,0
2011-06-01,-0.4533543298467106,-0.175222394265998,0
2011-07-01,-0.5061327846783106,-1.6742141359925848,0
2011-08-01,-1.5902610873424883,0.795273358192345,0
2011-09-01,-0.7464488606709128,-3.427318914072998,0
2011-10-01,0.6545936931832684,0.5561373604035099,0
2011-11-01,0.5880863023853584,0.8083347173740135,0
2011-12-01,0.22940726559158223,-1.2831237006167782,0
2012-01-01,0.7873016993679623,1.0207746948199727,0
2012-02-01,0.3919267500232877,0.08477547133084282,0
2012-03-01,0.7454479161871399,0.3971746285274076,0
2012-04-01,-0.4241308001726468,-1.4075369206345332,0
2012-05-01,-0.6366528019327096,-0.5962957971630284,0
2012-06-01,-1.3685198246883141,-1.7485973391477332,0
2012-07-01,0.06040211911500938,-0.564294302847081,0
2012-08-01,0.7950567333757685,-0.6808799718121706,0
2012-09-01,0.7840757641545986,1.1496861820660331,0
2012-10-01,0.2564791032584567,0.13142613656163646,0
2012-11-01,-0.4437966529243508,-1.1883352157032308,0
2012-12-01,-0.23090514777967133,-0.4981251219090949,0
2013-01-01,0.8101404703377828,-0.353397900500092,0
2013-02-01,0.7877051176072295,0.8286528204637057,0
2013-03-01,-0.11776963467631531,-0.9810683509701131,0
2013-04-01,-0.44748713872812224,-0.33688315748259895,0
2013-05-01,0.8614198433771494,-1.2809586964951014,0
2013-06-01,0.8506563975543773,0.9962422994539755,0
2013-07-01,1.1380251012333247,1.1899351077726745,0
2013-08-01,0.09919756602280036,-0.6722508380314739,0
2013-09-01,0.004909100514249248,0.10248229318036196,0
2013-10-01,-0.4709178866496722,-0.4351038232485312,0
2013-11-01,0.07473222269344633,-1.283015909645157,0
2013-12-01,1.1477082465367725,1.281918116313006,0
2014-01-01,-0.4697411864255542,-2.1529393883988335,0
2014-02-01,0.33690141544096475,0.5487156601253685,0
2014-03-01,0.2597934022779511,0.1115210752875255,0
2014-04-01,0.4059657694327862,-0.31860523385542977,0
2014-05-01,-0.31563243485378234,-1.286202013655683,0
2014-06-01,0.48537900499885916,0.16371422022164242,0
2014-07-01,-0.2373190246033839,-1.5070314276833254,0
2014-08-01,-0.1980521552722259,-0.21491154621403552,0
2014-09-01,0.2963019509896491,-0.15801187739322475,0
2014-10-01,-0.5645684599808783,-0.8475102616059614,0
2014-11-01,0.09337053419998104,-0.46954664243454763,0
2014-12-01,-0.4509046743660421,0.5219614349501303,0
2015-01-01,-1.449807275516587,-2.8840640306099448,0
2015-02-01,0.4919543898270585,0.14600868702166667,0
2015-03-01,-0.01864637836487167,-0.4597594140011284,0
2015-04-01,0.5519725927739615,-0.03863034929870962,0
2015-05-01,0.5717161283616738,-0.33741109232663563,0
2015-06-01,0.75190228867783,0.4842981759387326,0
2015-07-01,-0.6700220324120814,-1.18306189139279,0
2015-08-01,-0.8517714054786297,-0.6266086202705217,0
2015-09-01,-0.3202512308141467,-0.7783987243495465,0
2015-10-01,0.1891343938663073,-1.3195571999266866,0
2015-11-01,0.403305912006001,0.5937318249919684,0
2015-12-01,0.21936572744811061,2.4786273308456472,0
2016-01-01,-1.3107065851334851,-2.4029779588909377,0
2016-02-01,-0.8996667866587027,-2.343392244751555,0
2016-03-01,1.0128597897552878,-0.7833982557845338,0
2016-04-01,0.25551717689375103,-0.36784072708579185,0
2016-05-01,0.80991521204363,-0.22368671213835364,0
2016-06-01,-0.11088870529478798,-0.8797633819671359,0
2016-07-01,-0.6536598379686696,-1.2033997512935093,0
2016-08-01,0.27913886991058984,-0.3354865851241979,0
2016-09-01,0.38017723729502734,-0.33620524352787273,0
2016-10-01,0.4324643967183327,-0.16332747740912576,0
2016-11-01,1.035069395782377,0.6845337025279827,0
2016-12-01,1.7846745760678637,1.5565513420981192,0
2017-01-01,0.11807434347006923,-1.0609373693838895,0
2017-02-01,-0.04628771031374956,-1.3958134913675073,0
2017-03-01,0.08967084843123918,0.2492693007744075,0
2017-04-01,-0.10043737946907391,-1.0830441100837147,0
2017-05-01,-0.16370892050365074,-1.1229245143062552,0
2017-06-01,-0.2600237858541113,-0.42747586681315297,0
2017-07-01,0.3112413255975004,-0.4373804314607831,0
2017-08-01,0.14359878919862712,-1.031801963391699,0
2017-09-01,0.3081470715456823,-0.7431986185224155,0
2017-10-01,0.9172576492398693,0.036247420540811245,0
2017-11-01,0.38543714533607615,-0.5603740671589738,0
2017-12-01,0.3330177752141331,-0.12787110164420606,0
2018-01-01,0.8388239094395873,-0.34447513102087207,0
2018-02-01,0.5165261381040825,-0.21530089977569963,0
2018-03-01,0.20903410555282542,-0.2750226301178424,0
2018-04-01,0.09719958612587859,-0.2866850929182003,0
2018-05-01,0.4983916459835315,-0.8948910070410617,0
2018-06-01,0.01749108875561567,-0.470608993442091,0
2018-07-01,0.26055511943286486,-0.6882304641712566,0
2018-08-01,-0.05693570379625841,-0.9555330156662806,0
2018-09-01,0.619893345901737,-0.14716069474961233,0
2018-10-01,0.16436222117435434,0.09750007286515174,0
2018-11-01,-0.8748271433293635,-1.3603475022655236,0
2018-12-01,-1.113142947749654,-0.9129159165043434,0
2019-01-01,-0.3008594700406199,-0.9490346331243374,0
2019-02-01,0.6427041787325335,-0.8388733826043375,0
2019-03-01,0.601348655186454,-0.6204875028024639,0
2019-04-01,0.44845464786722916,-0.702963202806206,0
2019-05-01,-0.14731161504645493,-0.8582832827761665,0
2019-06-01,-0.8776952861784872,-1.5086259582885235,0
2019-07-01,0.4892070570778926,-0.622508057051063,0
2019-08-01,-1.7209140845905724,-2.637003226481345,0
2019-09-01,0.7333610479992935,0.028285442821005192,0
2019-10-01,0.0496093339584392,-0.8815128727496759,0
2019-11-01,0.8172370867984032,-0.631046747342157,0
2019-12-01,0.7904773928400818,0.2962468902997567,0
2020-01-01,-0.048463280885579205,-1.0315039886628115,0
2020-02-01,-0.8641140245471021,-1.452366722494229,0
2020-03-01,-7.248166487035519,-7.690902542915018,0
2020-04-01,-7.622142452264826,-10.066967839388596,0
2020-05-01,5.578001445887708,10.744352076438775,0
2020-06-01,3.3961339526326686,1.7855641251996608,0
2020-07-01,-0.5149469326257219,-3.4995041595345633,0
2020-08-01,1.0231777104489266,-0.7785031497757651,0
2020-09-01,0.47939918921363867,-1.4629496595460751,0
2020-10-01,0.9461538656850792,0.3130344007535137,0
2020-11-01,0.48236979816669895,-0.6559099097870779,0
2020-12-01,1.3603691117073016,-0.4121257713603917,0
2021-01-01,1.4456622329565207,-0.3079358843596409,0
2021-02-01,0.864746449624035,-0.6771411399648148,0
2021-03-01,2.8015169495978505,0.2579821878316885,0
2021-04-01,1.026873647063517,-0.4062185478034499,0
2021-05-01,-0.15294640466940496,-1.9097764563352053,0
2021-06-01,0.9905655696372531,0.7198408151891296,0
2021-07-01,-0.5601289530144984,-2.2105290049993362,0
2021-08-01,-0.8617175450594639,-3.2065565230475657,0
2021-09-01,0.7992332549486856,-0.6244251039794546,0
2021-10-01,1.4114272405700565,0.17667000788124743,0
2021-11-01,0.29944255688268945,-1.5387437708020468,0
2021-12-01,-0.21288822465226132,-1.3667306502209402,0
2022-01-01,1.1523950367604145,-0.14425757093076913,0
2022-02-01,0.49182438071653795,-0.6481425465890607,0
2022-03-01,1.7961897813681842,3.4402012962269315,0
2022-04-01,1.1431969882499224,-1.57991227021564,0
2022-05-01,-0.11821118609760271,0.767683108763829,0
2022-06-01,-0.2329352366335082,-2.6758079420679315,0
2022-07-01,-0.6498167735566429,-2.077446453884407,0
2022-08-01,0.7679751155863968,-1.120522053759449,0
2022-09-01,-0.13897706013375744,-1.0321134094761018,0
2022-10-01,0.8198636628441018,0.07503682031059443,0
2022-11-01,-0.04735380208859944,-1.3628751176557055,0
2022-12-01,-0.53831811182324,-1.8944936039214992,0
2023-01-01,0.9766227023529835,-1.2402779150777619,0
2023-02-01,0.538591158750841,-0.7706252197321488,0
2023-03-01,-0.7775073170909765,-1.4217978822349981,0
2023-04-01,0.6493149968152078,-1.1894128797496026,0
2023-05-01,-0.24847193005770365,-1.1612619695705035,0
2023-06-01,0.9561920535387455,-0.9646555575289573,0
2023-07-01,1.2648860482986926,-0.5705046396916322,0
2023-08-01,0.541397710709259,-0.5515860126834143,0
2023-09-01,0.4909060459030936,-0.8966446875449093,0
2023-10-01,-0.19866947546171887,-0.6449094082306934,0
2023-11-01,-0.2651076904532687,-1.6743377855968566,0
2023-12-01,0.35638285952936705,-1.5120095134976845,0
2024-01-01,0.9582048202983232,-0.6668366211711765,0
2024-02-01,0.7249894702327663,-1.0633180294155293,0
2024-03-01,0.7716459157875563,-1.0151048779688265,0
2024-04-01,0.3450823218015553,-0.6489433587452398,0
2024-05-01,-0.32182700473840026,-1.5869596980284766,0
2024-06-01,0.19249753123539515,-1.388119129516405,0
2024-07-01,0.3477717103801016,-1.2616380093019093,0
2024-08-01,-0.5055419568185292,-1.461494454818506,0
2024-09-01,0.1689934222449676,-1.5596933225947218,0
2024-10-01,0.9566664283239612,-0.7932905030721978,0
2024-11-01,0.710938881489597,-0.7902658457455178,0
2024-12-01,0.5589770228042176,-1.0185226344297449,0
2025-01-01,0.30977296179692443,-0.7684917755379086,0
2025-02-01,-0.4887471212694795,-1.4928826067407308,0
2025-03-01,-1.1260144432030654,-1.3651016717131992,0
2025-04-01,-0.9528391910055534,-1.1069272578079472,0
2025-05-01,0.8630060835008633,-1.2717016541755342,0
2025-06-01,1.379378596241235,-0.9133112842055772,0
2025-07-01,0.7481805873184294,-1.2764907237640715,0
2025-08-01,-0.0746933973998657,-1.5649592775213106,0
,-61.44573365215799,5.8086185700479405,1
